유치원명,주소,행정동,위도,경도
서울공항초등학교병설유치원,서울특별시 강서구 마곡서1로 68,방화1동,37.56311072,126.8213169
한나유치원,서울특별시 강서구 금낭화로 287-19,방화3동,37.57680385,126.8102869
화곡유치원,서울특별시 강서구 까치산로 60,화곡본동,37.54378035,126.8466786
선미유치원,서울특별시 강서구 까치산로2길 43,화곡본동,37.53933165,126.8436416
서울공진초등학교병설유치원,서울특별시 강서구 마곡서로 33,공항동,37.55783088,126.8228061
보라유치원,서울특별시 강서구 공항대로39길 100,등촌3동,37.56361691,126.8473931
서강유치원,서울특별시 강서구 금낭화로 35,방화2동,37.56861466,126.8115422
신세기유치원,서울특별시 강서구 허준로 47,가양1동,37.57101357,126.8465852
서울정곡초등학교병설유치원,서울특별시 강서구 방화대로50길 22,방화3동,37.5769597,126.8189328
신영유치원,서울특별시 강서구 곰달래로25길 4,화곡8동,37.53098782,126.849228
강서유치원,서울특별시 강서구 까치산로 116,화곡6동,37.54821327,126.850057
대유유치원,서울특별시 강서구 곰달래로57길 39,화곡4동,37.53400744,126.8615982
문성유치원,서울특별시 강서구 우현로 8,우장산동,37.547022,126.844587
우람유치원,서울특별시 강서구 방화대로45길 32,방화1동,37.57488098,126.8143291
우일유치원,서울특별시 강서구 곰달래로47길 88,화곡2동,37.53517807,126.855325
우리곰유치원,서울특별시 강서구 허준로 23,가양1동,37.57121146,126.843592
공항제일유치원,서울특별시 강서구 개화동로23길 100,방화2동,37.56523444,126.8106723
등현유치원,서울특별시 강서구 화곡로63가길 63,등촌3동,37.5614611,126.8485182
유니유치원,서울특별시 강서구 허준로 175,가양3동,37.56375809,126.8592894
방화이화유치원,서울특별시 강서구 양천로17길 4-55,방화1동,37.57408919,126.8135281
예지유치원,서울특별시 강서구 남부순환로11가길 89,공항동,37.55766194,126.8132171
진일유치원,서울특별시 강서구 허준로 121,가양2동,37.56709401,126.8547358
예은유치원,서울특별시 강서구 까치산로4길 101-5,화곡본동,37.53894892,126.8472328
수미유치원,서울특별시 강서구 강서로17길 130,화곡1동,37.53216869,126.8385428
서울염경초등학교병설유치원,서울특별시 강서구 양천로69길 49,염창동,37.55500067,126.8712046
등촌이화유치원,서울특별시 강서구 화곡로63가길 26,등촌3동,37.55973884,126.8479542
서울월정초등학교병설유치원,서울특별시 강서구 월정로 176,화곡1동,37.53499419,126.8362936
미래유치원,서울특별시 강서구 양천로6길 28,방화2동,37.57102749,126.8063998
서울내발산초등학교병설유치원,서울특별시 강서구 강서로46길 23,우장산동,37.55088255,126.8381642
대붕유치원,서울특별시 강서구 허준로 176,가양3동,37.5618458,126.8568007
아이파크예원유치원,서울특별시 강서구 강서로 266,우장산동,37.54826258,126.8409806
동그라미유치원,서울특별시 강서구 화곡로52길 14,화곡6동,37.55011396,126.8491643
국제유치원,서울특별시 강서구 양천로30길 4,가양1동,37.57051313,126.8229443
등촌제일유치원,서울특별시 강서구 화곡로66길 118,등촌1동,37.55546786,126.8593734
미래클유치원,서울특별시 강서구 수명로1길 76,발산1동,37.55238534,126.8229843
장미유치원,서울특별시 강서구 허준로 139,가양2동,37.56461212,126.8562786
홍신유치원,서울특별시 강서구 강서로45길 63,발산1동,37.5481092,126.8325565
아람유치원,서울특별시 강서구 금낭화로23길 8,방화3동,37.5794087,126.8125928
서울화일초등학교병설유치원,서울특별시 강서구 까치산로10길 70,화곡본동,37.54071203,126.8474708
윤서유치원,서울특별시 강서구 화곡로13길 107,화곡3동,37.54724497,126.8322439
미도유치원,서울특별시 강서구 공항대로58가길 39,등촌2동,37.55046975,126.8609722
해리유치원,서울특별시 강서구 허준로 234,가양3동,37.55855504,126.8633761
예일유치원,서울특별시 강서구 강서로47길 126,발산1동,37.55370085,126.8291969
우현유치원,서울특별시 강서구 강서로 348,우장산동,37.55707841,126.8380811
윤희유치원,서울특별시 강서구 강서로 216-23,우장산동,37.5457326,126.8375561
서울마곡유치원,서울특별시 강서구 마곡서1로 139-13,방화1동,37.5692704,126.8180306
밤비니유치원,서울특별시 강서구 남부순환로7길 39,공항동,37.55890492,126.809589
행복한유치원,서울특별시 강서구 강서로62길 40,등촌3동,37.56259661,126.8419733
서울수명유치원,서울특별시 강서구 수명로1길 76,발산1동,37.55238534,126.8229843
새싹유치원,서울특별시 강서구 곰달래로49길 10,화곡4동,37.53220842,126.8580387
나나유치원,서울특별시 강서구 등촌로13바길 46,화곡4동,37.53594319,126.8573239
서울금낭화유치원,서울특별시 강서구 금낭화로 35,방화2동,37.56861466,126.8115422
서울신곡초등학교병설유치원,서울특별시 강서구 등촌로13자길 42-14,화곡4동,37.53909546,126.8560096
서울등촌초등학교병설유치원,서울특별시 강서구 등촌로39길 71,등촌2동,37.54761422,126.8579422
서울탑산초등학교병설유치원,서울특별시 강서구 허준로 109,가양2동,37.56700477,126.852594
서울신월초등학교병설유치원,서울특별시 강서구 강서로31길 48,화곡1동,37.54036551,126.8394555
서울송정초등학교병설유치원,서울특별시 강서구 공항대로3길 18,공항동,37.56223089,126.8102813
서울개화초등학교병설유치원,서울특별시 강서구 양천로 11,방화1동,37.57392624,126.8046942
이솔유치원,서울특별시 강서구 곰달래로33가길 6,화곡2동,37.53126314,126.8522056
서울가양초등학교병설유치원,서울특별시 강서구 허준로 186,가양3동,37.56221719,126.8585216
서울등명초등학교병설유치원,서울특별시 강서구 강서로56나길 34,등촌3동,37.56089445,126.8423822
